{"name":{"0":"Alexandre","1":"Frederic","2":"Ines","3":"Ashley","4":"Angel","5":"Marty","6":"Bob","7":"Sandra","8":"John","9":"James","10":"Luis","11":"William","12":"Susan","13":"Michael"},"surname":{"0":"Francois","1":"Vector","2":"Dubois","3":"Miller","4":"Hill","5":"Wood","6":"Long","7":"Clark","8":"Mike","9":"Miller","10":"Kahn","11":"Jack","12":"Lee","13":"Tadashi"},"age":{"0":20.0,"1":24.0,"2":23.0,"3":31.0,"4":16.0,"5":20.0,"6":23.0,"7":11.0,"8":22.0,"9":25.0,"10":20.0,"11":31.0,"12":15.0,"13":15.0},"height":{"0":1.62,"1":1.8,"2":1.63,"3":1.8,"4":1.54,"5":1.76,"6":1.72,"7":1.3,"8":1.71,"9":1.75,"10":1.62,"11":1.8,"12":1.5,"13":1.59},"weight":{"0":66.2,"1":67.5,"2":60.5,"3":61.7,"4":49.9,"5":69.0,"6":66.15,"7":43.2,"8":63.6,"9":65.0,"10":66.2,"11":61.7,"12":45.2,"13":56.0},"body_mass_index":{"0":25.2248132907,"1":20.8333333333,"2":22.7708984154,"3":19.0432098765,"4":21.040647664,"5":22.2753099174,"6":22.3600594916,"7":25.5621301775,"8":21.7502821381,"9":21.2244897959,"10":25.2248132907,"11":19.0432098765,"12":20.0888888889,"13":22.151022507}}